[
  {
    "title": "Your Learning Persona",
    "description": "Aarthi, as a Persistent Hiker, you bring a calm, balanced approach to your SAT preparation that values steady progress and emotional well-being. Your thoughtful and deliberate mindset helps you maintain harmony in your studies, allowing you to stay resilient even when challenges arise. You naturally prioritize mental health and sustainable growth, which is a powerful strength in managing long-term goals. At times, you might find yourself avoiding intense academic pressure or difficult topics, preferring comfort over stretch, but this awareness is the first step toward embracing growth opportunities. With gentle encouragement to take on micro-challenges, you can continue to build momentum while preserving your inner balance."
  },
  {
    "title": "Your SAT Practice Snapshot",
    "description": "Your current SAT scores show strong performance, with a solid Reading & Writing score and an excellent Math score, combining for a total that’s close to your ambitious goal. Your reading accuracy is very good, and your math accuracy is outstanding, reflecting your careful and consistent study habits. These results highlight your dedication and the promise you hold for reaching your target score. With focused effort on specific areas, you’re well-positioned to make meaningful gains as you prepare for your test date."
  },
  {
    "title": "What This Means For You",
    "description": "Your Persistent Hiker persona shines through your steady academic strengths and your tendency to avoid high-pressure challenges, which can sometimes limit your growth. In Reading & Writing, your strong grasp of Information and Ideas and Standard English Conventions reflects your thoughtful and balanced learning style, allowing you to approach complex texts with calm confidence. In Math, your near-perfect accuracy in Algebra and Problem-Solving shows how your persistence and steady effort translate into mastery of core concepts. To grow further, focusing on Craft and Structure in Reading & Writing will deepen your analytical skills, while refining Advanced Math will enhance your problem-solving flexibility; both areas offer opportunities to gently push beyond comfort zones. With your goal score in sight, remember that strength doesn’t always roar—sometimes it whispers, ‘try again tomorrow,’ and your quiet determination will carry you through."
  },
  {
    "title": "Your Study Plan: Based on You",
    "description": [
      {
        "title": "motivational paragraph",
        "description": [
          "Aarthi, your Persistent Hiker mindset is a tremendous asset on your SAT journey because it keeps you grounded and focused on sustainable progress. Your calm and balanced approach means you can steadily build skills without burning out, even when the material feels challenging. One area to watch is your natural preference for comfort, which might make it tempting to avoid tougher topics, but embracing small, manageable challenges will help you unlock your full potential. By viewing each step as a quiet victory, you can maintain your inner harmony while growing stronger academically."
        ]
      },
      {
        "title": "reading writing strategies",
        "description": [
          "1. Let’s build skill in Craft and Structure by exploring how authors use language to shape meaning; try breaking down passages into smaller parts to gently stretch your analytical muscles without overwhelming yourself.",
          "2. Reinforce your confidence in Information and Ideas by summarizing key points in your own words, which aligns with your thoughtful nature and helps deepen understanding through reflection.",
          "3. Celebrate your strength in Standard English Conventions by creating quick, gamified quizzes for yourself that reward accuracy and speed, keeping your motivation high while maintaining momentum."
        ]
      },
      {
        "title": "math strategies",
        "description": [
          "1. Focus on Advanced Math by tackling one new concept at a time with step-by-step problem-solving, allowing you to grow without disrupting your calm study rhythm.",
          "2. Build on your strong Algebra skills by practicing timed sets of problems to refine your fluency and boost confidence in applying formulas under pressure.",
          "3. Maintain your excellent performance in Problem-Solving and Data Analysis by using visual aids like charts or graphs to reinforce concepts and keep your learning engaging and clear."
        ]
      },
      {
        "title": "Study Plan Phases",
        "description": {
          "Foundation": {
            "date": "May 22, 2025 - June 30, 2025",
            "reading_writing": "Prioritize strengthening Craft and Structure with focused, low-pressure exercises that encourage gradual analytical growth while respecting your preference for harmony.",
            "math": "Concentrate on Advanced Math fundamentals using paced, stepwise review sessions that build confidence without overwhelming your steady approach."
          },
          "Elevation": {
            "date": "July 1, 2025 - July 31, 2025",
            "reading_writing": "Refine Information and Ideas and Expression of Ideas through timed practice and reflective review, leveraging your thoughtful nature to deepen fluency and accuracy.",
            "math": "Enhance Algebra and Advanced Math skills with targeted drills that balance challenge and mastery, using visual and gamified methods to sustain motivation."
          },
          "Peak": {
            "date": "August 1, 2025 - August 8, 2025",
            "reading_writing": "Focus on test simulation and timing for all Reading & Writing domains, emphasizing calm, steady pacing to build endurance and confidence.",
            "math": "Sharpen speed and accuracy in all Math domains with personalized practice tests and review of error patterns, maintaining your composed and deliberate mindset."
          }
        }
      }
    ]
  },
  {
    "title": "weekly_schedule",
    "description": [
      "Monday: focus area: Craft and Structure - duration 60 minutes.",
      "Tuesday: focus area: Advanced Math - duration 60 minutes.",
      "Wednesday: focus area: Expression of Ideas - duration 60 minutes.",
      "Thursday: focus area: Information and Ideas - duration 60 minutes.",
      "Friday: focus area: Algebra - duration 60 minutes.",
      "Saturday: focus area: Mixed Reading & Writing and Math review - duration 60 minutes.",
      "Sunday: focus area: Flex Day for review or rest - duration 30 minutes."
    ]
  },
  {
    "title": "study_tips",
    "description": [
      "1. Let’s build skill in Craft and Structure by breaking down passages into manageable parts, which fits your steady and thoughtful learning style.",
      "2. Try focusing on Advanced Math concepts one at a time with clear, stepwise practice to gently stretch your abilities without disrupting your calm study rhythm.",
      "3. Keep refining your Expression of Ideas by summarizing passages in your own words, reinforcing your natural strength in thoughtful reflection.",
      "4. Establish a balanced weekly routine that alternates focused study with rest, honoring your preference for sustainable growth as you approach your test date.",
      "5. Remember Keanu Reeves’ quiet resilience: strength doesn’t always roar—sometimes it whispers, ‘try again tomorrow,’ and your steady determination will lead you to success."
    ]
  },
  {
    "title": "Want to Go Further?",
    "description": [
      "Unlock the full power of Sherpal to experience truly personalized SAT coaching that adapts to your unique strengths and learning style.",
      "With interactive tools, real-time feedback, and goal-focused planning, Sherpal supports your steady progress every step of the way.",
      "Let Sherpal be your trusted guide, helping you grow with quiet confidence toward the success you’re capable of achieving."
    ]
  },
  {
    "title": "Footer",
    "description": "Safe harbor The scores, assessments, and recommendations provided in this report are for informational purposes only and do not constitute professional educational, psychological, or legal advice. Current performance is not necessarily indicative of actual or future results, as test-day conditions and individual circumstances may vary. While care has been taken in the preparation of this material, we make no representations or warranties of any kind, express or implied, about the completeness, accuracy, or reliability of the information presented. Any reliance you place on such information is strictly at your own risk. We accept no liability for any loss or damage arising from the use of this report. © 2025 Sthirah Inc. | Confidential & Proprietary - For internal Use Only"
  }
]