doc1,doc2,Executive Summary_BLEU,Executive Summary_Cosine,elevation Flex Day_BLEU,elevation Flex Day_Cosine,elevation Weekly structure_BLEU,elevation Weekly structure_Cosine,elevation practice methods Math_BLEU,elevation practice methods Math_Cosine,elevation practice methods RW_BLEU,elevation practice methods RW_Cosine,elevation skill areas Math_BLEU,elevation skill areas Math_Cosine,elevation skill areas RW_BLEU,elevation skill areas RW_Cosine,elevation weekly goals_BLEU,elevation weekly goals_Cosine,foundation Flex Day_BLEU,foundation Flex Day_Cosine,foundation Weekly structure_BLEU,foundation Weekly structure_Cosine,foundation practice methods Math_BLEU,foundation practice methods Math_Cosine,foundation practice methods RW_BLEU,foundation practice methods RW_Cosine,foundation skill areas Math_BLEU,foundation skill areas Math_Cosine,foundation skill areas RW_BLEU,foundation skill areas RW_Cosine,foundation weekly goals_BLEU,foundation weekly goals_Cosine,peak Flex Day_BLEU,peak Flex Day_Cosine,peak Weekly structure_BLEU,peak Weekly structure_Cosine,peak practice methods Math_BLEU,peak practice methods Math_Cosine,peak practice methods RW_BLEU,peak practice methods RW_Cosine,peak skill areas Math_BLEU,peak skill areas Math_Cosine,peak skill areas RW_BLEU,peak skill areas RW_Cosine,peak weekly goals_BLEU,peak weekly goals_Cosine,FULL_TEXT_BLEU,FULL_TEXT_Cosine,User
Detailed_Study_Plan_1.json,Detailed_Study_Plan_2.json,0.9699,0.9989,0.6566,0.9714,0.4627,0.9841,0.3376,0.9442,0.2626,0.9476,1.0,1.0,1.0,1.0,0.8536,0.9957,0.33,0.879,0.3246,0.9755,0.3064,0.9537,0.2765,0.9371,1.0,1.0,1.0,1.0,0.5198,0.9698,0.3505,0.9021,0.8377,0.9969,0.5267,0.971,0.5147,0.9779,1.0,1.0,1.0,1.0,0.3001,0.9419,0.5671,0.9865,RohanByali
Detailed_Study_Plan_1.json,Detailed_Study_Plan_3.json,0.9189,0.9781,0.3817,0.7842,0.4805,0.9822,0.3143,0.9604,0.178,0.9206,1.0,1.0,1.0,1.0,0.4432,0.9742,0.6813,0.9533,0.5963,0.9815,0.3498,0.9734,0.1656,0.9271,1.0,1.0,1.0,1.0,0.6039,0.9368,0.2397,0.8243,0.4807,0.9856,0.3204,0.9425,0.2635,0.9638,1.0,1.0,1.0,1.0,0.3086,0.9559,0.5083,0.987,RohanByali
Detailed_Study_Plan_1.json,Detailed_Study_Plan_4.json,0.8758,0.9772,0.5223,0.9431,0.4899,0.9821,0.4118,0.9574,0.1797,0.9197,1.0,1.0,1.0,1.0,0.4317,0.9439,0.3485,0.847,0.4875,0.9829,0.2881,0.9514,0.1906,0.9464,1.0,1.0,1.0,1.0,0.408,0.9377,0.1932,0.7427,0.5884,0.9793,0.3219,0.948,0.2144,0.9012,1.0,1.0,1.0,1.0,0.294,0.9183,0.4803,0.9701,RohanByali
Detailed_Study_Plan_2.json,Detailed_Study_Plan_3.json,0.9189,0.9788,0.299,0.7954,0.4708,0.9844,0.3736,0.9594,0.1401,0.9217,1.0,1.0,1.0,1.0,0.4432,0.9748,0.3936,0.8956,0.4439,0.9741,0.335,0.9429,0.1946,0.9009,1.0,1.0,1.0,1.0,0.4242,0.938,0.3226,0.85,0.4397,0.9867,0.3309,0.9354,0.2398,0.9591,1.0,1.0,1.0,1.0,0.3228,0.9482,0.4859,0.9789,RohanByali
Detailed_Study_Plan_2.json,Detailed_Study_Plan_4.json,0.8839,0.9779,0.5354,0.9541,0.5389,0.9806,0.2987,0.9541,0.1024,0.9371,1.0,1.0,1.0,1.0,0.4255,0.943,0.3335,0.8281,0.4369,0.979,0.2733,0.9226,0.2097,0.9233,1.0,1.0,1.0,1.0,0.4895,0.9496,0.4011,0.7718,0.6907,0.9842,0.3068,0.9453,0.2188,0.9083,1.0,1.0,1.0,1.0,0.3397,0.9551,0.4932,0.9789,RohanByali
Detailed_Study_Plan_3.json,Detailed_Study_Plan_4.json,0.9571,0.999,0.3681,0.8137,0.3927,0.9765,0.2698,0.9436,0.2085,0.9446,1.0,1.0,1.0,1.0,0.638,0.9642,0.3336,0.837,0.4272,0.9763,0.2683,0.9431,0.3877,0.9553,1.0,1.0,1.0,1.0,0.3683,0.9158,0.3428,0.832,0.5238,0.9823,0.4288,0.9726,0.4504,0.9373,1.0,1.0,1.0,1.0,0.2849,0.9394,0.5173,0.971,RohanByali
