[
  {
    "title": "THIS JOURNEY IS YOURS. PACE IT, OWN IT, PROGRESS WITH PURPOSE",
    "description": "Rohan, your steady commitment to mastering complex skills like analyzing passage structure and tackling nonlinear functions is the quiet force driving your progress. Your resilience in facing challenging concepts\u2014whether dissecting how authors organize ideas or solving systems of equations\u2014reflects a deep, purposeful effort that will compound over time. Remember, growth isn\u2019t always visible day-to-day, but every small insight and correction builds toward your goal. Use reflection to fine-tune your strategies; adaptability will accelerate your momentum just as much as persistence. Celebrate each milestone, no matter how subtle, and lean on your peers or mentors to see the progress you might overlook. This Elevation Phase is about sharpening your approach and trusting that your consistent work is steadily elevating your skills and confidence toward that 1590 target."
  },
  {
    "title": "TIPS TO MAKE IT WORK BEST FOR YOUR FOUNDATION PHASE",
    "description": [
      "Start each reading passage by identifying its form and structure to create a mental roadmap; this will help you anticipate the author's organization and stay engaged, making your persistent efforts more efficient and rewarding.",
      "When encountering challenging vocabulary, pause to actively annotate and infer meanings from context clues rather than relying on memorized definitions; this reflection will deepen your understanding and prevent frustration from unclear words.",
      "Regularly practice spotting sentence boundaries and punctuation errors by marking them in practice passages; this focused attention will sharpen your editing skills and build confidence in your writing clarity over time.",
      "Visualize nonlinear function graphs as you solve problems to connect abstract equations with their shapes; this dual approach will help you adapt your strategies and accelerate progress when tackling complex math questions.",
      "Alternate between substitution and elimination methods when solving systems of linear equations to find which works best for each problem; this flexibility will prevent stagnation and enhance your problem-solving efficiency.",
      "Work through systems of linear equations step-by-step and verify your solutions by plugging them back into the original equations; this habit will reinforce accuracy and provide clear feedback to sustain your motivation."
    ]
  },
  {
    "title": "Peak Phase",
    "description": [
      {
        "title": "Weekly Goals",
        "description": "Each week, steadily improve accuracy and reasoning in prioritized Reading & Writing and Math skills, reducing repeated errors and stabilizing performance under timed conditions. Aim to enhance confidence by maintaining consistent full-length test endurance and minimizing score variance. Track progress visually to recognize growth and reinforce motivation, focusing on mastering pattern recognition and locking in effective strategies."
      },
      {
        "title": "Skill Areas",
        "description": [
          {
            "title": "Reading & Writing",
            "description": "Command of Evidence - Quantitative, Text Structure and Purpose, Central Ideas and Details, Inferences, Cross-text Connections"
          },
          {
            "title": "Math",
            "description": "Area and volume, One-variable data: Distributions and measures of center and spread, Right triangles and trigonometry, Ratios, rates, proportional relationships, and units"
          }
        ]
      },
      {
        "title": "Practice Methods",
        "description": [
          {
            "title": "Reading & Writing",
            "description": {
              "Command of Evidence - Quantitative": "Practice timed sets of data interpretation questions using graphs and tables from recent SAT passages, underlining key data points and writing brief explanations connecting quantitative evidence directly to claims to reinforce understanding and speed.",
              "Text Structure and Purpose": "Analyze challenging passages by identifying signal words and labeling text structure types, then write concise summaries explaining how the structure supports the author\u2019s purpose, practicing under timed conditions to build speed and mastery.",
              "Central Ideas and Details": "Select short passages and practice summarizing central ideas in your own words, then match supporting details to these ideas, focusing on eliminating overly broad or narrow interpretations to sharpen precision.",
              "Inferences": "Work through medium-difficulty inference questions by annotating texts for contextual clues and tone, then justify each inference with explicit textual evidence, using elimination drills to avoid unsupported assumptions.",
              "Cross-text Connections": "Compare paired passages by creating side-by-side charts that highlight agreements, contrasts, and complementary ideas, then answer synthesis questions that require integrating insights from both texts."
            }
          },
          {
            "title": "Math",
            "description": {
              "Area and volume": "Solve complex problems involving composite shapes by drawing detailed diagrams, decomposing figures into simpler parts, and calculating area and volume step-by-step, verifying units and results to avoid common errors.",
              "One-variable data: Distributions and measures of center and spread": "Practice interpreting box plots and histograms by calculating mean, median, range, and IQR from data sets, then compare distributions to identify skewness and explain its effect on center measures.",
              "Right triangles and trigonometry": "Work on challenging right triangle problems by clearly labeling sides relative to given angles, applying SOH-CAH-TOA ratios, and using inverse trig functions to find missing angles or sides, checking answers for reasonableness.",
              "Ratios, rates, proportional relationships, and units": "Tackle multi-step problems involving ratios and unit conversions by setting up proportions carefully, using dimensional analysis to convert units, and verifying answers through logical estimation."
            }
          }
        ]
      },
      {
        "title": "Weekly Structure",
        "description": "Each weekday includes focused dual-skill practice sessions pairing one Math and one Reading & Writing skill, starting the week with weakest skills to prioritize improvement, midweek addressing moderate skills, and Fridays dedicated to comprehensive review of errors and strategy refinement. Saturdays feature two full-length practice tests simulating real conditions to build endurance and confidence, followed by detailed mistake analysis. Sundays serve as a Flex Day for rest and adaptive activities aligned with personal growth."
      },
      {
        "title": "Flex Day Activities",
        "description": "Engage in reflective journaling on recent errors and progress, using visual charts to celebrate milestones and identify areas for strategic adjustment. Experiment with new problem-solving techniques or tools to refresh approach and prevent stagnation. Participate in low-pressure mixed-skill challenges to maintain engagement without stress. Incorporate mindfulness or light physical activity to recharge mentally and physically. Set clear, purpose-driven goals for the upcoming week to sustain intrinsic motivation and resilience."
      }
    ]
  },
  {
    "title": "Executive Summary",
    "description": [
      {
        "title": "Summary",
        "description": "Rohan, you are a Peak Pursuer, characterized by your tenacity, persistence, and intrinsic motivation, though you may sometimes feel discouraged when progress is slow or unseen. Your current SAT score is 640, with an accuracy rate of 48% and time management at 35%. These scores indicate a foundational level with exceptional growth required for your highly ambitious target. Your target score of 1590 is exceptionally ambitious and would require reassessing your timeline and setting progressive milestones beyond September 2025."
      },
      {
        "title": "Key Strengths",
        "description": {
          "Reading & Writing": [
            "Text Structure and Purpose (57%)",
            "Inferences (54%)",
            "Central Ideas and Details (52%)"
          ],
          "Math": [
            "Equivalent expressions (70%)",
            "Ratios, rates, proportional relationships, and units (67%)",
            "Nonlinear functions (66%)"
          ]
        }
      },
      {
        "title": "Focus Areas for Growth",
        "description": {
          "Reading & Writing": [
            "Cross-text Connections (34%)",
            "Form, Structure, and Sense (19%)",
            "Command of Evidence - Quantitative (17%)"
          ],
          "Math": [
            "Lines, angles, and triangles (38%)",
            "Systems of two linear equations in two variables (37%)",
            "Percentages (12%)"
          ]
        }
      },
      {
        "title": "Study Plan",
        "description": "The start of any strong study plan begins with review. Before you move forward, take time to go back and focus on the 'Recommended Questions' highlighted in your score reports. These key questions from your SAT Practice Test, Domain Tests, and Endurance Test are where the deepest learning happens. Reviewing them is your first real step toward smarter progress."
      }
    ]
  },
  {
    "title": "Elevation Phase",
    "description": [
      {
        "title": "Weekly Goals",
        "description": "Each week, steadily improve accuracy in prioritized Reading & Writing skills\u2014Rhetorical Synthesis, Command of Evidence - Textual, and Transitions\u2014while reducing careless errors. In Math, focus on strengthening understanding and application of Linear functions, Lines, angles, and triangles, Linear equations and inequalities, and Equivalent expressions with consistent accuracy gains. Achieve measurable progress by refining reasoning under moderate time pressure, minimizing repeat mistakes through strategic review cycles, and enhancing cognitive flexibility to adapt problem-solving approaches."
      },
      {
        "title": "Skill Areas",
        "description": [
          {
            "title": "Reading & Writing",
            "description": "Rhetorical Synthesis, Command of Evidence - Textual, Transitions"
          },
          {
            "title": "Math",
            "description": "Linear functions, Lines, angles, and triangles, Linear equations in one variable, Linear inequalities in one or two variables, Equivalent expressions"
          }
        ]
      },
      {
        "title": "Practice Methods",
        "description": [
          {
            "title": "Reading & Writing",
            "description": {
              "Rhetorical Synthesis": "Practice synthesizing arguments by analyzing paired passages under timed conditions, focusing on identifying how authors build and connect ideas. Use targeted exercises that require breaking down complex texts sentence by sentence to form clear, concise summaries, reinforcing persistence through incremental progress tracking and reflection on evolving strategies.",
              "Command of Evidence - Textual": "Engage in exercises that require pinpointing and justifying textual evidence for specific claims, emphasizing careful reading and annotation. After each practice, chart accuracy improvements and reflect on which evidence types are most challenging to identify, encouraging adaptability in approach and celebrating small wins.",
              "Transitions": "Work on identifying and applying transitional phrases in varied contexts by completing timed sentence- and paragraph-level exercises. Focus on how transitions clarify relationships between ideas, using weekly summaries to visualize growth and prompt reflection on which transition types need more attention."
            }
          },
          {
            "title": "Math",
            "description": {
              "Linear functions": "Solve medium-difficulty word problems by clearly defining variables and translating real-world scenarios into linear equations, then interpret slope and intercept in context. Track progress visually and reflect weekly on common errors like variable confusion or skipping steps to refine accuracy and efficiency.",
              "Lines, angles, and triangles": "Practice medium-level geometry problems involving congruence, similarity, and angle relationships by sketching diagrams and labeling known elements. Use proportional reasoning and angle theorems under timed conditions, reviewing mistakes to adjust strategies and reinforce conceptual understanding.",
              "Linear equations in one variable": "Tackle challenging problems requiring multi-step isolation of variables and inequality solving, carefully writing each step and checking solutions. Incorporate mixed problem sets to build flexibility, using performance charts to monitor error reduction and encourage strategic adjustments.",
              "Linear inequalities in one or two variables": "Work through medium-difficulty inequality word problems by accurately translating phrases into inequalities, solving, and graphing solution sets. Emphasize careful attention to inequality direction changes and verification of solutions, reflecting on errors to adapt methods and maintain steady progress.",
              "Equivalent expressions": "Engage with complex problems involving isolating variables in formulas and multi-step equations, practicing methodical step-by-step manipulation and substitution checks. Use detailed error logs and weekly summaries to identify sticking points and refine algebraic fluency."
            }
          }
        ]
      },
      {
        "title": "Weekly Structure",
        "description": "Each weekday balances focused dual-skill practice, pairing one Math and one Reading & Writing skill, starting the week with the weakest skills to prioritize improvement. Midweek sessions target moderate skills to build depth, while Fridays are dedicated to comprehensive review and error analysis. Saturdays feature a full-length practice test under timed conditions, followed by detailed answer review to identify patterns and reinforce learning. Sundays serve as a Flex Day for rest, reflection, and adaptive activities aligned with personal growth."
      },
      {
        "title": "Flex Day Activities",
        "description": "Use Flex Days to reflect on weekly progress by reviewing errors and celebrating small milestones both privately and with mentors or peers. Experiment with new study tools or alternate problem-solving techniques to foster adaptability. Engage in mixed-skill challenges at a relaxed pace to maintain cognitive flexibility without pressure. Incorporate mindfulness or light physical activity to recharge focus and resilience. Set clear, personalized goals for the upcoming week, reinforcing intrinsic motivation and the value of persistence paired with strategic adjustment."
      }
    ]
  },
  {
    "title": "Foundation Phase",
    "description": [
      {
        "title": "Weekly Goals",
        "description": "Each week, steadily improve accuracy and reasoning in both Math and Reading & Writing by focusing on core foundational skills. Aim to reduce repeat mistakes through careful review and reflection. Build confidence by tracking measurable progress in understanding nonlinear functions and systems of equations in Math, alongside form, structure, and vocabulary in Reading & Writing. Cultivate consistency by maintaining disciplined study habits and gradually closing skill gaps with clear, incremental milestones."
      },
      {
        "title": "Skill Areas",
        "description": [
          {
            "title": "Reading & Writing",
            "description": "Form, Structure, and Sense, Words in Context, Boundaries"
          },
          {
            "title": "Math",
            "description": "Nonlinear functions, Systems of two linear equations in two variables, Linear equations in two variables, Nonlinear equations in one variable and systems of equations in two variables, Percentages"
          }
        ]
      },
      {
        "title": "Practice Methods",
        "description": [
          {
            "title": "Reading & Writing",
            "description": {
              "Form, Structure, and Sense": "Practice by selecting short passages to identify their form and outline their structure, annotating transitions and shifts in tone. After each passage, write a brief summary explaining how the structure supports the author\u2019s purpose, reinforcing clarity and logical flow. This method builds foundational understanding while encouraging reflection on what structural elements enhance comprehension, aligning with your persistence and need for visible progress.",
              "Words in Context": "Engage in targeted exercises where you annotate unfamiliar words within passages, using context clues to infer meaning before checking definitions. Follow this by substituting synonyms that fit the context and reflecting on how tone influences word choice. This active, layered approach deepens vocabulary understanding and supports your intrinsic motivation by making progress tangible through consistent practice.",
              "Boundaries": "Work through sentence correction drills focusing on identifying and fixing run-ons, comma splices, and fragments. After each exercise, diagram sentences to visualize boundaries and punctuation use, then rewrite corrected sentences to reinforce mastery. This hands-on, structured practice aligns with your steady work ethic and benefits from clear, incremental feedback to maintain motivation."
            }
          },
          {
            "title": "Math",
            "description": {
              "Nonlinear functions": "Tackle challenging nonlinear function problems by first sketching graphs to visualize behavior, then solving equations through factoring or quadratic formula. After solving, verify solutions by substituting back and reflect on the function\u2019s key features like turning points. This comprehensive approach leverages your resilience and persistence, encouraging adaptability through multiple problem-solving strategies.",
              "Systems of two linear equations in two variables": "Practice solving systems using substitution and elimination on straightforward problems, carefully checking each step and verifying solutions by plugging values back into original equations. Incorporate word problems to connect concepts to real scenarios, fostering foundational understanding while reinforcing your methodical consistency.",
              "Linear equations in two variables": "Focus on solving linear systems by isolating variables and applying elimination, emphasizing step-by-step accuracy. Use graphing to visualize solutions and classify system types, then reflect on errors to adjust strategies. This steady, reflective practice suits your quiet determination and supports gradual skill refinement.",
              "Nonlinear equations in one variable and systems of equations in two variables": "Work through medium-difficulty problems involving substitution of linear into quadratic equations, carefully solving and interpreting discriminants to determine solution counts. Sketch graphs to anticipate intersections and verify answers by substitution. This balanced approach challenges you just enough to promote growth without overwhelming, encouraging adaptability alongside persistence.",
              "Percentages": "Engage in foundational percentage exercises converting between decimals, fractions, and percentages, then solve word problems involving increases, decreases, and part-whole relationships. After each problem, estimate and verify answers to build accuracy and confidence. This steady, clear practice aligns with your intrinsic motivation and supports consistent progress."
            }
          }
        ]
      },
      {
        "title": "Weekly Structure",
        "description": "Each weekday combines focused dual-skill practice, pairing one Math and one Reading & Writing skill. Begin the week addressing your weakest skills to build foundational clarity, progress midweek to moderate skills for reinforcement, and dedicate Fridays to comprehensive review and reflection on progress and errors. Saturdays alternate between a full-length practice test with detailed review and targeted conceptual skill-building sessions to solidify understanding. Sundays serve as a Flex Day to rest and recalibrate, supporting sustained motivation and adaptability."
      },
      {
        "title": "Flex Day Activities",
        "description": "Use Flex Days for low-pressure reflection on recent errors and successes, creating visual progress charts or streak trackers to celebrate milestones privately and publicly. Experiment with new study tools or alternate problem-solving techniques to foster adaptability. Engage in mixed-skill challenges that blend Math and Reading & Writing to maintain cognitive flexibility without stress. Incorporate mindfulness or light physical activity to recharge mentally and physically. Set clear, personalized goals for the upcoming week to maintain purposeful momentum aligned with your steady, resilient approach."
      }
    ]
  }
]