[
  {
    "title": "THIS JOURNEY IS YOURS. PACE IT, OWN IT, PROGRESS WITH PURPOSE",
    "description": "Rohan, your steady commitment to mastering complex skills like analyzing passage structure and tackling nonlinear functions is the quiet force driving your progress. Your resilience in facing challenging concepts\u2014whether parsing nuanced vocabulary in context or solving systems of equations\u2014reflects a deep, purposeful work ethic. Remember, growth isn\u2019t always visible day-to-day, but each small milestone you reach builds a foundation for lasting success. Use your reflection moments to fine-tune strategies, adapting where needed to accelerate your gains. Celebrate these incremental wins, both privately and with those who support you, to keep motivation alive. Your persistence paired with thoughtful adjustments will transform effort into measurable improvement. Keep trusting the process; your disciplined approach is steadily elevating you toward your 1590 goal with clarity and confidence."
  },
  {
    "title": "TIPS TO MAKE IT WORK BEST FOR YOUR FOUNDATION PHASE",
    "description": [
      "Start each reading passage by identifying its form and structure type to create a mental roadmap; this will help you anticipate the author\u2019s organization and purpose, making it easier to stay engaged and see progress even when questions feel challenging.",
      "When encountering unfamiliar words, pause to actively annotate and infer meaning from context clues rather than relying on memorized definitions; this reflection habit will deepen your understanding and prevent frustration from unclear vocabulary questions.",
      "Regularly practice spotting sentence boundaries and punctuation errors by marking them in practice passages; this focused attention will build your editing precision and help you recognize patterns, so you can adjust strategies if progress stalls.",
      "Visualize nonlinear function graphs as you solve problems to connect algebraic manipulation with graphical behavior; this dual approach will help you adapt your methods and maintain motivation when solutions aren\u2019t immediately clear.",
      "Alternate between substitution and elimination methods when solving systems of linear equations to find which works best for each problem type; this flexibility will accelerate your problem-solving and prevent discouragement from sticking to one approach.",
      "Work through systems of linear equations step-by-step and verify your solutions by plugging them back into the original equations; this disciplined habit will reinforce accuracy and provide clear feedback, helping you stay confident and adjust tactics as needed."
    ]
  },
  {
    "title": "Executive Summary",
    "description": [
      {
        "title": "Summary",
        "description": "Rohan, you are a tenacious and hardworking learner who stays consistent even when progress is slow, though you may sometimes feel discouraged when results don\u2019t come immediately. Your current SAT score is 640 with an accuracy rate of 48% and time management at 35%, indicating a foundational level that requires exceptional growth for your highly ambitious target. Your target score of 1590 is exceptionally ambitious and would require reassessing your timeline and setting progressive milestones beyond September 2025."
      },
      {
        "title": "Key Strengths",
        "description": {
          "Reading & Writing": [
            "Text Structure and Purpose (57%)",
            "Inferences (54%)",
            "Central Ideas and Details (52%)"
          ],
          "Math": [
            "Equivalent expressions (70%)",
            "Ratios, rates, proportional relationships, and units (67%)",
            "Nonlinear functions (66%)"
          ]
        }
      },
      {
        "title": "Focus Areas for Growth",
        "description": {
          "Reading & Writing": [
            "Cross-text Connections (34%)",
            "Form, Structure, and Sense (19%)",
            "Command of Evidence - Quantitative (17%)"
          ],
          "Math": [
            "Lines, angles, and triangles (38%)",
            "Systems of two linear equations in two variables (37%)",
            "Percentages (12%)"
          ]
        }
      },
      {
        "title": "Study Plan",
        "description": "The start of any strong study plan begins with review. Before you move forward, take time to go back and focus on the 'Recommended Questions' highlighted in your score reports. These key questions from your SAT Practice Test, Domain Tests, and Endurance Test are where the deepest learning happens. Reviewing them is your first real step toward smarter progress."
      }
    ]
  },
  {
    "title": "Peak Phase",
    "description": [
      {
        "title": "Weekly Goals",
        "description": "Each week, steadily improve accuracy and reasoning in prioritized Reading & Writing and Math skills, aiming for measurable reductions in repeated errors and increased confidence under timed conditions. Focus on stabilizing performance by minimizing score variance through consistent full-length practice, reinforcing endurance and mental control. Track progress visually to celebrate incremental gains and maintain motivation, ensuring adaptability by reflecting on strategy effectiveness and making targeted adjustments."
      },
      {
        "title": "Skill Areas",
        "description": [
          {
            "title": "Reading & Writing",
            "description": "Command of Evidence - Quantitative, Text Structure and Purpose, Central Ideas and Details, Inferences, Cross-text Connections"
          },
          {
            "title": "Math",
            "description": "Area and volume, One-variable data: Distributions and measures of center and spread, Right triangles and trigonometry, Ratios, rates, proportional relationships, and units"
          }
        ]
      },
      {
        "title": "Practice Methods",
        "description": [
          {
            "title": "Reading & Writing",
            "description": {
              "Command of Evidence - Quantitative": "Practice timed sets of questions that require interpreting graphs and tables by underlining key data points and paraphrasing their meaning aloud before selecting evidence-based answers, reinforcing accuracy and speed while building confidence in quantitative reasoning.",
              "Text Structure and Purpose": "Work on advanced timed exercises identifying signal words and labeling text structures in diverse passages, then summarize author purpose in writing to master complex question types and improve speed without sacrificing comprehension.",
              "Central Ideas and Details": "Engage in daily brief summary writing of short passages, focusing on distinguishing central ideas from supporting details, followed by multiple-choice questions that require selecting main ideas to solidify foundational understanding and reduce common errors.",
              "Inferences": "Complete medium-difficulty inference questions under timed conditions, annotating textual clues and summarizing explicit versus implied meanings to strengthen pattern recognition and avoid overgeneralization.",
              "Cross-text Connections": "Practice paired passage sets by creating comparison charts that highlight agreements and contrasts, then answer synthesis questions to build foundational skills in analyzing relationships between texts with clarity and precision."
            }
          },
          {
            "title": "Math",
            "description": {
              "Area and volume": "Solve challenging multi-step problems involving composite shapes by drawing detailed diagrams, applying correct formulas, and verifying units to refine advanced calculation skills and minimize careless mistakes.",
              "One-variable data: Distributions and measures of center and spread": "Analyze medium-difficulty data sets by calculating mean, median, range, and IQR, then interpret skewness and shape through sketching box plots and histograms to deepen conceptual understanding and pattern recognition.",
              "Right triangles and trigonometry": "Practice complex right triangle problems including angle of elevation scenarios, using SOH-CAH-TOA with precise labeling and calculator use, focusing on accuracy and checking for reasonableness to build endurance for test conditions.",
              "Ratios, rates, proportional relationships, and units": "Work through multi-step ratio and unit conversion problems that require setting up proportions and applying dimensional analysis carefully, emphasizing methodical problem-solving and error checking to solidify mastery."
            }
          }
        ]
      },
      {
        "title": "Weekly Structure",
        "description": "Each weekday includes focused dual-skill practice sessions pairing one Math and one Reading & Writing skill, starting the week with weakest skills to maximize early gains, midweek targeting moderate skills for steady progress, and Fridays dedicated to comprehensive review of errors and strategy refinement. Saturdays feature two full-length practice tests simulating real exam conditions to build endurance and confidence, followed by detailed mistake analysis to identify patterns and adjust approaches. Sundays serve as a Flex Day to support rest and adaptability."
      },
      {
        "title": "Flex Day Activities",
        "description": "Use this day for low-pressure reflection on weekly progress by reviewing error logs and visual growth charts to celebrate milestones privately and publicly. Experiment with new study tools or alternate problem-solving techniques to encourage adaptability. Engage in mixed-skill challenges that blend Reading & Writing and Math to maintain cognitive flexibility without stress. Incorporate mindfulness or light physical activity to recharge mentally and physically. Set clear, personalized goals for the upcoming week to sustain intrinsic motivation and purposeful persistence."
      }
    ]
  },
  {
    "title": "Elevation Phase",
    "description": [
      {
        "title": "Weekly Goals",
        "description": "Each week, steadily improve accuracy in prioritized Reading & Writing skills\u2014Rhetorical Synthesis, Command of Evidence - Textual, and Transitions\u2014while reinforcing Math skills including Linear functions, Lines, angles, and triangles, Linear equations and inequalities, and Equivalent expressions. Aim to reduce careless errors consistently by analyzing patterns and applying strategic corrections. Strengthen reasoning under moderate time pressure and demonstrate improved cognitive flexibility by adapting approaches based on performance reviews. Track measurable progress through weekly score improvements and error reduction, maintaining resilience and steady momentum toward the 1590 goal."
      },
      {
        "title": "Skill Areas",
        "description": [
          {
            "title": "Reading & Writing",
            "description": "Rhetorical Synthesis, Command of Evidence - Textual, Transitions"
          },
          {
            "title": "Math",
            "description": "Linear functions, Lines, angles, and triangles, Linear equations in one variable, Linear inequalities in one or two variables, Equivalent expressions"
          }
        ]
      },
      {
        "title": "Practice Methods",
        "description": [
          {
            "title": "Reading & Writing",
            "description": {
              "Rhetorical Synthesis": "Practice synthesizing multiple related passages by summarizing their main arguments and identifying how they connect, using timed exercises that require quick identification of author purpose and tone to build foundational understanding and reinforce persistence through incremental challenge.",
              "Command of Evidence - Textual": "Engage in targeted drills where you locate and justify textual evidence supporting specific claims, focusing on precision and clarity under moderate time constraints to build confidence and reduce hesitation in strategy adjustments.",
              "Transitions": "Complete exercises that require inserting or revising transitional phrases in paragraphs to improve flow and coherence, emphasizing recognition of logical relationships and practicing consistent application to strengthen adaptability and accuracy."
            }
          },
          {
            "title": "Math",
            "description": {
              "Linear functions": "Work through medium-difficulty word problems that require defining variables clearly and translating real-world scenarios into linear equations, followed by interpreting slope and intercept in context to deepen conceptual mastery and identify common patterns.",
              "Lines, angles, and triangles": "Solve medium-level geometry problems involving angle relationships and triangle congruence or similarity, emphasizing diagram drawing and labeling to visualize concepts and avoid common mistakes, reinforcing steady progress through consistent practice.",
              "Linear equations in one variable": "Tackle challenging problems that require multi-step isolation of variables and careful handling of inequalities, practicing clear step-by-step solutions and verification to refine advanced algebraic techniques under timed conditions.",
              "Linear inequalities in one or two variables": "Practice medium-difficulty word problems translating real-world constraints into inequalities, graphing solution sets on number lines, and verifying solutions to build confidence and flexibility in problem interpretation and solving.",
              "Equivalent expressions": "Engage with complex problems involving isolating variables in formulas and multi-step algebraic manipulation, focusing on methodical work and substitution checks to strengthen advanced skills and reduce careless errors."
            }
          }
        ]
      },
      {
        "title": "Weekly Structure",
        "description": "Each weekday balances focused dual-skill practice, pairing one Math and one Reading & Writing skill, starting the week with the weakest skills to prioritize growth, midweek focusing on moderately mastered skills, and Fridays dedicated to comprehensive review and reflection. Saturdays are reserved for a full-length practice test under timed conditions, followed by detailed analysis of errors and strategy refinement. Sundays serve as a Flex Day to rest, reflect, and adapt the plan as needed, ensuring sustainable progress and motivation."
      },
      {
        "title": "Flex Day Activities",
        "description": "Use Flex Days to reflect on weekly progress by reviewing errors and identifying patterns without pressure, experiment with new study tools or alternate problem-solving techniques to foster adaptability, engage in mixed-skill challenges that blend Math and Reading & Writing for cognitive flexibility, incorporate mindfulness or light physical activity to recharge focus, and set clear, achievable goals for the upcoming week to maintain intrinsic motivation and celebrate incremental milestones."
      }
    ]
  },
  {
    "title": "Foundation Phase",
    "description": [
      {
        "title": "Weekly Goals",
        "description": "Each week, steadily improve accuracy and reasoning in both Math and Reading & Writing by focusing on foundational concepts. Aim to reduce repeat mistakes through careful review and reflection. Build confidence by consistently completing targeted practice on priority skills, tracking progress visually to recognize growth. Develop a habit of evaluating which strategies work best and begin adapting methods to optimize learning. Strengthen core understanding of nonlinear functions and systems of equations in Math, alongside form, structure, and vocabulary in Reading & Writing, setting a solid baseline for future phases."
      },
      {
        "title": "Skill Areas",
        "description": [
          {
            "title": "Reading & Writing",
            "description": "Form, Structure, and Sense, Words in Context, Boundaries"
          },
          {
            "title": "Math",
            "description": "Nonlinear functions, Systems of two linear equations in two variables, Linear equations in two variables, Nonlinear equations in one variable and systems of equations in two variables, Percentages"
          }
        ]
      },
      {
        "title": "Practice Methods",
        "description": [
          {
            "title": "Reading & Writing",
            "description": {
              "Form, Structure, and Sense": "Practice by selecting short passages and first identifying their form (e.g., argumentative, narrative). Outline the structure by mapping paragraph progression and transitions, then answer questions about how these elements shape meaning. After each session, summarize the author\u2019s purpose behind structural choices to deepen understanding and reinforce clarity, using visual notes to track improvements and reflect on strategy effectiveness weekly.",
              "Words in Context": "Engage with passages by annotating unfamiliar words and using surrounding sentences to infer meanings. Complete exercises where you replace key words with synonyms that fit the context, then verify if the meaning holds. Regularly review errors to identify patterns in misinterpretation, and maintain a vocabulary log to chart growth. Pair this with reflection prompts to adjust approaches when stuck, ensuring steady progress without frustration.",
              "Boundaries": "Work through sentence correction drills focusing on run-ons, comma splices, and fragments. Practice inserting correct punctuation and combining sentences using conjunctions and semicolons. After each exercise, rewrite corrected sentences in your own words to internalize proper boundaries. Track error types visually to celebrate reductions and identify areas needing adjustment, reinforcing clarity and precision in writing."
            }
          },
          {
            "title": "Math",
            "description": {
              "Nonlinear functions": "Tackle challenging problems involving graph interpretation and equation solving of nonlinear functions, such as quadratics. Begin each session by sketching graphs to visualize behavior, then solve related equations using factoring or the quadratic formula. After solving, verify solutions by substituting back and reflect on any errors to refine techniques. Use visual progress charts to maintain motivation and adapt strategies if persistent mistakes occur.",
              "Systems of two linear equations in two variables": "Practice solving systems using both substitution and elimination methods with simple equations. Begin by isolating variables and carefully substituting, then check solutions by plugging values back into original equations. Include word problems to connect concepts to real scenarios. Maintain a log of solution types encountered and errors made to guide weekly reflections and method adjustments.",
              "Linear equations in two variables": "Focus on foundational exercises solving linear systems through substitution and elimination. Work step-by-step to avoid errors, verifying each solution thoroughly. Incorporate graphing to visualize intersections and solution types. Use weekly summaries to track accuracy improvements and identify when to shift focus or try alternative solving methods to enhance efficiency.",
              "Nonlinear equations in one variable and systems of equations in two variables": "Engage with medium-difficulty problems combining linear and quadratic equations. Practice substitution carefully to reduce systems to single quadratic equations, then solve using multiple methods. Visualize graphs to anticipate solution counts and verify answers by substitution. Reflect on discriminant interpretations and common pitfalls, adjusting approaches based on error patterns to build confidence steadily.",
              "Percentages": "Work on foundational percentage problems including conversions, calculating parts and wholes, and percentage increase/decrease. Set up equations clearly before solving and check answers for logical consistency. Use word problems to apply concepts in context. Track progress visually and reflect weekly on problem types that cause difficulty, adapting study focus to strengthen weak areas without losing momentum."
            }
          }
        ]
      },
      {
        "title": "Weekly Structure",
        "description": "Each weekday includes focused dual-skill practice, pairing one Math and one Reading & Writing skill. Begin the week addressing the weakest skills to build foundational clarity, progressing midweek to moderate skills for reinforcement. Fridays are dedicated to comprehensive review of the week's work, consolidating learning and identifying persistent challenges. Saturdays alternate between full-length practice tests with detailed review and targeted sessions emphasizing fundamental concepts and conceptual reinforcement. Sundays serve as a Flex Day for rest, reflection, and adaptive activities aligned with your learning needs."
      },
      {
        "title": "Flex Day Activities",
        "description": "Use this day to reflect calmly on errors from the past week, identifying patterns and considering small strategy tweaks. Experiment with new study tools or techniques in a low-pressure setting to discover what enhances your learning. Engage in mixed-skill challenges that integrate Math and Reading & Writing to maintain cognitive flexibility. Incorporate physical activity or mindfulness exercises to recharge mentally and physically. Set clear, achievable goals for the upcoming week, celebrating your persistence and adaptability to sustain motivation on your steady journey."
      }
    ]
  }
]