[
  {
    "title": "THIS JOURNEY IS YOURS. PACE IT, OWN IT, PROGRESS WITH PURPOSE",
    "description": "Rohan, your steady commitment to mastering complex skills like nonlinear functions and the nuanced understanding of form and structure in reading is the foundation of real progress. Your persistence, even when immediate results feel distant, is exactly what will carry you through this Elevation Phase. Remember, your ability to stay consistent and quietly push forward is a powerful strength\u2014yet fine-tuning your strategies by reflecting on what works will accelerate your growth. Celebrate each small milestone, whether it\u2019s a clearer grasp of sentence boundaries or improved confidence in solving systems of equations. These incremental gains are the true markers of your journey upward. Keep pairing your hard work with adaptability, and lean on your peers or mentors to see how far you\u2019ve come. Your goal of 1590 is ambitious but entirely within reach because you are building it step by step, with purpose and resilience."
  },
  {
    "title": "TIPS TO MAKE IT WORK BEST FOR YOUR FOUNDATION PHASE",
    "description": [
      "Start each reading passage by identifying its form and structure type to set clear expectations; then outline the progression of ideas to track how the author builds their argument or narrative. This will help you see the bigger picture and stay engaged, especially when progress feels slow.",
      "When encountering challenging vocabulary, pause to annotate and infer meanings using context clues rather than relying on memorized definitions. Regularly review your errors to adjust your approach and deepen your understanding, ensuring your persistence is paired with strategic flexibility.",
      "Practice spotting sentence boundaries by marking where sentences begin and end in practice passages. Use this to catch run-ons and comma splices early, and write your own example sentences to reinforce clarity\u2014this active engagement will keep your steady effort focused and rewarding.",
      "Visualize nonlinear function graphs as you work through problems to connect algebraic manipulation with graphical behavior. This dual approach will help you adapt your strategies when stuck and maintain momentum through challenging concepts.",
      "Alternate between substitution and elimination methods when solving systems of linear equations to find which works best for each problem. Reflect weekly on which approach yields faster, more accurate results, allowing you to fine-tune your problem-solving toolkit.",
      "Work through systems of linear equations step-by-step, double-checking your solutions by substituting back into the original equations. Pair this with peer or mentor review sessions to gain feedback and reinforce your steady progress, preventing discouragement from unnoticed errors."
    ]
  },
  {
    "title": "Executive Summary",
    "description": [
      {
        "title": "Summary",
        "description": "Rohan, you are a tenacious and hardworking learner who stays consistent even when progress is slow, though you may sometimes feel discouraged when results don\u2019t come immediately. Your current SAT score is 640, with an accuracy rate of 48% and time management at 35%. These scores indicate a foundational level with exceptional growth required for your highly ambitious target. Your target score of 1590 is exceptionally ambitious and would require reassessing your timeline and setting progressive milestones beyond September 2025."
      },
      {
        "title": "Key Strengths",
        "description": {
          "Reading & Writing": [
            "Text Structure and Purpose (57%)",
            "Inferences (54%)",
            "Central Ideas and Details (52%)"
          ],
          "Math": [
            "Equivalent expressions (70%)",
            "Ratios, rates, proportional relationships, and units (67%)",
            "Nonlinear functions (66%)"
          ]
        }
      },
      {
        "title": "Focus Areas for Growth",
        "description": {
          "Reading & Writing": [
            "Cross-text Connections (34%)",
            "Form, Structure, and Sense (19%)",
            "Command of Evidence - Quantitative (17%)"
          ],
          "Math": [
            "Lines, angles, and triangles (38%)",
            "Systems of two linear equations in two variables (37%)",
            "Percentages (12%)"
          ]
        }
      },
      {
        "title": "Study Plan",
        "description": "The start of any strong study plan begins with review. Before you move forward, take time to go back and focus on the 'Recommended Questions' highlighted in your score reports. These key questions from your SAT Practice Test, Domain Tests, and Endurance Test are where the deepest learning happens. Reviewing them is your first real step toward smarter progress."
      }
    ]
  },
  {
    "title": "Peak Phase",
    "description": [
      {
        "title": "Weekly Goals",
        "description": "Each week, steadily improve accuracy and reasoning in prioritized Reading & Writing and Math skills, focusing on reducing repeat errors and enhancing pattern recognition. Build endurance by completing full-length practice tests under timed conditions to stabilize performance and minimize score variance. Strengthen mental and emotional control to maintain confidence under pressure, locking in effective strategies while remaining open to subtle adjustments that optimize results."
      },
      {
        "title": "Skill Areas",
        "description": [
          {
            "title": "Reading & Writing",
            "description": [
              "Command of Evidence - Quantitative",
              "Text Structure and Purpose",
              "Central Ideas and Details",
              "Inferences",
              "Cross-text Connections"
            ]
          },
          {
            "title": "Math",
            "description": [
              "Area and volume",
              "One-variable data: Distributions and measures of center and spread",
              "Right triangles and trigonometry",
              "Ratios, rates, proportional relationships, and units"
            ]
          }
        ]
      },
      {
        "title": "Practice Methods",
        "description": [
          {
            "title": "Reading & Writing",
            "description": {
              "Command of Evidence - Quantitative": "Practice timed sets of data interpretation questions using graphs and tables from recent SAT passages, underlining key numerical data and paraphrasing findings aloud before selecting evidence-based answers to reinforce accuracy and speed while building confidence in quantitative reasoning.",
              "Text Structure and Purpose": "Work on advanced timed exercises that require identifying text structures and author purposes in diverse passages, highlighting signal words and summarizing paragraph functions to sharpen speed and mastery of complex question types under pressure.",
              "Central Ideas and Details": "Engage in daily brief summary writing of short passages, focusing on distinguishing central ideas from supporting details, followed by multiple-choice questions that require selecting main ideas and matching details to reinforce foundational comprehension skills.",
              "Inferences": "Complete medium-difficulty inference questions that prompt active annotation of implied meanings and contextual clues, followed by elimination drills to practice discerning supported inferences from unsupported assumptions, enhancing reasoning precision.",
              "Cross-text Connections": "Use paired passage exercises to create visual comparison charts that map agreements and contrasts in themes and arguments, then answer synthesis questions to deepen understanding of relationships between texts and improve critical analysis."
            }
          },
          {
            "title": "Math",
            "description": {
              "Area and volume": "Solve challenging multi-step problems involving composite shapes by drawing detailed diagrams, decomposing figures, and calculating areas and volumes with careful unit checks to refine advanced problem-solving techniques and accuracy.",
              "One-variable data: Distributions and measures of center and spread": "Analyze medium-difficulty data sets by calculating mean, median, range, and IQR, interpreting box plots and histograms, and comparing distributions to strengthen core data analysis skills and pattern recognition under timed conditions.",
              "Right triangles and trigonometry": "Practice complex right triangle problems that require selecting appropriate trigonometric ratios, using inverse functions, and applying angle of elevation/depression scenarios, emphasizing precise diagram labeling and calculator efficiency to build mastery.",
              "Ratios, rates, proportional relationships, and units": "Tackle multi-step ratio and proportion problems involving unit conversions and scaling, using dimensional analysis to set up and solve equations accurately, focusing on challenging applications that demand careful reasoning and adaptability."
            }
          }
        ]
      },
      {
        "title": "Weekly Structure",
        "description": "Each weekday includes focused dual-skill practice sessions pairing one Math and one Reading & Writing skill, beginning the week with the weakest skills to maximize improvement, progressing midweek to moderate skills, and reserving Fridays for comprehensive review and reflection. Saturdays are dedicated to two full-length practice tests simulating real test conditions, emphasizing accuracy and speed, followed by detailed mistake analysis to identify patterns and reinforce learning. Sundays serve as a Flex Day to support rest, reflection, and adaptive strategy adjustments."
      },
      {
        "title": "Flex Day Activities",
        "description": "Engage in low-pressure reflection by reviewing errors from the week and journaling insights on what strategies worked and what needs adjustment. Experiment with new study tools or techniques, such as different note-taking methods or timing strategies, to foster adaptability. Participate in mixed-skill challenge sets that combine Reading & Writing and Math questions at a comfortable pace to maintain engagement without stress. Incorporate mindfulness or light physical activity to recharge mentally and physically. Set clear, achievable goals for the upcoming week to maintain motivation and a sense of progress."
      }
    ]
  },
  {
    "title": "Foundation Phase",
    "description": [
      {
        "title": "Weekly Goals",
        "description": "Each week, steadily improve accuracy and reasoning in both Math and Reading & Writing by focusing on foundational skills. Achieve measurable reductions in repeat mistakes through consistent practice and reflection. Build confidence by tracking progress visually and celebrating small milestones. Strengthen understanding of core concepts in nonlinear functions and systems of equations while deepening comprehension of passage form, structure, and vocabulary in context. Develop disciplined study habits that support gradual, sustainable growth toward the 1590 goal."
      },
      {
        "title": "Skill Areas",
        "description": [
          {
            "title": "Reading & Writing",
            "description": "Form, Structure, and Sense, Words in Context, Boundaries"
          },
          {
            "title": "Math",
            "description": "Nonlinear functions, Systems of two linear equations in two variables, Linear equations in two variables, Nonlinear equations in one variable and systems of equations in two variables, Percentages"
          }
        ]
      },
      {
        "title": "Practice Methods",
        "description": [
          {
            "title": "Reading & Writing",
            "description": {
              "Form, Structure, and Sense": "Practice by selecting short passages and first identifying their form (e.g., argumentative, narrative). Outline the structure by mapping paragraph progression and transitions, then answer questions focused on how these elements shape meaning. After each session, reflect on how recognizing form and structure clarified the author\u2019s purpose, adjusting your approach if certain passage types remain challenging.",
              "Words in Context": "Engage with vocabulary exercises that require inferring word meanings from context by annotating passages and substituting synonyms that fit the tone and style. After completing each set, review errors to identify patterns in misinterpretation and adjust strategies accordingly. Use this active reading approach to build nuanced understanding rather than rote memorization.",
              "Boundaries": "Work on sentence correction drills that focus on identifying and fixing run-ons, comma splices, and fragments. Practice inserting appropriate punctuation and combining sentences using conjunctions and semicolons. After each exercise, reflect on common boundary errors you make and consciously apply these corrections in your writing and editing practice."
            }
          },
          {
            "title": "Math",
            "description": {
              "Nonlinear functions": "Tackle challenging nonlinear function problems by first sketching graphs to visualize behavior, then solving equations through factoring or quadratic formula. Focus on interpreting key features like turning points and intercepts. After each problem set, chart your accuracy and note any recurring algebraic errors to refine your approach.",
              "Systems of two linear equations in two variables": "Practice solving systems using substitution and elimination methods on straightforward problems. After solving, verify solutions by plugging them back into original equations. Track your progress with weekly summaries to maintain motivation and identify when to increase problem complexity.",
              "Linear equations in two variables": "Work on foundational problems involving substitution and elimination, emphasizing step-by-step solutions and careful sign management. Use graphing to visualize solutions and confirm algebraic answers. Reflect weekly on errors to adjust your problem-solving process.",
              "Nonlinear equations in one variable and systems of equations in two variables": "Solve medium-difficulty problems involving one linear and one quadratic equation by mastering substitution and quadratic solving techniques. Visualize intersections graphically and interpret discriminants to anticipate solution counts. Regularly check solutions to avoid extraneous answers and track progress visually.",
              "Percentages": "Engage with basic percentage problems including conversions, percentage increase/decrease, and word problems. Set up equations clearly before solving and verify answers for logical consistency. Use weekly progress charts to celebrate improvements and adjust strategies if errors persist."
            }
          }
        ]
      },
      {
        "title": "Weekly Structure",
        "description": "Each weekday includes focused dual-skill practice pairing one Math and one Reading & Writing skill, beginning the week with the weakest skills to build foundational strength. Midweek sessions target moderate skills to maintain momentum, while Fridays are reserved for comprehensive review and reflection on progress. Saturdays alternate between full-length practice tests with detailed review and targeted conceptual reinforcement sessions to solidify understanding. Sundays serve as Flex Days for rest and adaptive activities that support sustained motivation and cognitive recovery."
      },
      {
        "title": "Flex Day Activities",
        "description": "Use Flex Days to reflect on errors and progress by reviewing weekly charts and identifying patterns. Experiment with new study tools or techniques such as digital flashcards or timed drills to refresh your approach. Engage in mixed-skill challenges that combine Math and Reading & Writing to maintain cognitive flexibility without pressure. Incorporate mindfulness or light physical activity to recharge focus and reduce emotional fatigue. Set clear, achievable goals for the upcoming week to maintain a sense of purpose and forward momentum."
      }
    ]
  },
  {
    "title": "Elevation Phase",
    "description": [
      {
        "title": "Weekly Goals",
        "description": "Each week, steadily improve accuracy in prioritized Reading & Writing skills\u2014Rhetorical Synthesis, Command of Evidence - Textual, and Transitions\u2014while reinforcing Math skills including Linear functions, Lines, angles, and triangles, Linear equations and inequalities, and Equivalent expressions. Aim for consistent reduction in careless errors by identifying and correcting recurring mistakes. Strengthen reasoning under moderate time pressure and enhance cognitive flexibility by adapting strategies based on performance reviews. Track measurable progress through score improvements and error pattern analysis to maintain motivation and clarity on growth."
      },
      {
        "title": "Skill Areas",
        "description": [
          {
            "title": "Reading & Writing",
            "description": "Rhetorical Synthesis, Command of Evidence - Textual, Transitions"
          },
          {
            "title": "Math",
            "description": "Linear functions, Lines, angles, and triangles, Linear equations in one variable, Linear inequalities in one or two variables, Equivalent expressions"
          }
        ]
      },
      {
        "title": "Practice Methods",
        "description": [
          {
            "title": "Reading & Writing",
            "description": {
              "Rhetorical Synthesis": "Practice synthesizing multiple short passages by outlining the author\u2019s purpose and how each supports the main argument, focusing on identifying connections and contrasts. Use timed drills with 2-3 paired passages, then review to chart progress and note recurring synthesis challenges to adjust approach.",
              "Command of Evidence - Textual": "Engage in targeted exercises where you locate and justify textual evidence for specific claims under timed conditions. After each set, reflect on evidence selection accuracy and adjust strategy to avoid habitual misinterpretations, using visual progress tracking to reinforce gains.",
              "Transitions": "Work on exercises that require inserting or revising transition words and phrases to improve flow and coherence in paragraphs. Use sentence-level timed practice to build speed and accuracy, followed by self-assessment prompts to identify patterns in errors and refine technique."
            }
          },
          {
            "title": "Math",
            "description": {
              "Linear functions": "Solve medium-difficulty word problems by clearly defining variables and writing linear equations step-by-step, then interpret slope and intercept in context. Practice graphing these equations to visualize relationships and check for consistency, tracking errors to fine-tune equation setup.",
              "Lines, angles, and triangles": "Practice medium-level geometry problems involving angle relationships and triangle congruence/similarity by drawing detailed diagrams and labeling known values. Focus on applying angle theorems under timed conditions, reviewing mistakes to deepen conceptual clarity.",
              "Linear equations in one variable": "Tackle challenging problems that require isolating variables and solving complex linear equations and inequalities, emphasizing careful step-by-step simplification and sign management. Use error logs to identify common slips and adapt solving strategies accordingly.",
              "Linear inequalities in one or two variables": "Work through medium-difficulty inequality word problems by accurately translating verbal descriptions into inequalities, solving them, and graphing solution sets. Reflect on errors related to inequality direction and interpretation to improve precision.",
              "Equivalent expressions": "Practice advanced problems involving isolating variables in multi-step equations and formulas, ensuring methodical manipulation and verification through substitution. Track progress visually and adjust approach to avoid skipping steps or losing terms."
            }
          }
        ]
      },
      {
        "title": "Weekly Structure",
        "description": "Each weekday balances focused dual-skill practice, pairing one Math and one Reading & Writing skill, starting the week with the weakest skills to maximize impact and moving toward moderate skills midweek. Fridays are dedicated to reviewing the week's work, analyzing errors, and adapting strategies. Saturdays involve one full-length timed practice test followed by a thorough review of answers and error patterns to reinforce learning. Sundays serve as a Flex Day for rest and adaptive activities to sustain motivation and cognitive readiness."
      },
      {
        "title": "Flex Day Activities",
        "description": "Engage in low-pressure reflection by reviewing recent errors and journaling insights on what strategies worked and what needs adjustment. Experiment with new study tools or timing techniques to discover more efficient methods. Participate in mixed-skill challenges that combine Reading & Writing and Math to build cognitive flexibility without strict timing. Incorporate mindfulness or light physical activity to recharge focus and reduce stress. Set clear, achievable goals for the upcoming week to maintain purposeful momentum aligned with your intrinsic drive."
      }
    ]
  }
]