[
  {
    "title": "THIS JOURNEY IS YOURS. PACE IT, OWN IT, PROGRESS WITH PURPOSE",
    "description": "Rohan, your steady commitment to mastering complex concepts like nonlinear functions and the nuances of form and structure in reading is the quiet force driving your progress. Your resilience in tackling challenging material, even when immediate results aren\u2019t visible, is exactly what will elevate your SAT performance. Remember, each small breakthrough\u2014whether it\u2019s identifying a key transition in a passage or solving a system of equations\u2014is a vital step forward. Use your reflection moments to fine-tune strategies, adapting where needed to accelerate growth without losing your steady rhythm. Celebrate these milestones, both seen and unseen, and lean on your peers and mentors to keep perspective on how far you\u2019ve come. Your persistence paired with thoughtful adaptability is the formula that will transform effort into the score you\u2019re aiming for."
  },
  {
    "title": "TIPS TO MAKE IT WORK BEST FOR YOUR FOUNDATION PHASE",
    "description": [
      "Start each reading passage by identifying its form and structure type to set clear expectations; then outline the progression of ideas to track the author\u2019s logic, helping you stay engaged and see the bigger picture even when progress feels slow.",
      "When encountering challenging vocabulary, pause to annotate and use context clues actively rather than relying on memorized definitions; this reflection will deepen your understanding and prevent frustration from unfamiliar words.",
      "Regularly practice spotting sentence boundaries and punctuation errors by marking them in practice passages; this focused attention will build your editing precision and help you avoid common pitfalls that can slow progress.",
      "Visualize nonlinear function graphs as you work through problems to connect abstract equations with their behavior; this dual approach will help you adapt your strategies and maintain motivation when solutions aren\u2019t immediate.",
      "Alternate between substitution and elimination methods when solving systems of linear equations to discover which approach works best for each problem type, encouraging flexibility and preventing stagnation in your problem-solving routine.",
      "After solving each system of equations, take a moment to verify your answers by substituting them back into the original equations; this habit reinforces accuracy and builds confidence through consistent feedback."
    ]
  },
  {
    "title": "Executive Summary",
    "description": [
      {
        "title": "Summary",
        "description": "Rohan, you are a Peak Pursuer, characterized by your tenacity, intrinsic motivation, and steady work ethic, though you may sometimes feel discouraged when progress is slow or unseen. Your current SAT score is 640, with an accuracy rate of 48% and time management at 35%. These scores indicate a foundational level with exceptional growth required for your highly ambitious target. Your target score of 1590 is exceptionally ambitious and would require reassessing your timeline and setting progressive milestones beyond September 2025."
      },
      {
        "title": "Key Strengths",
        "description": {
          "Reading & Writing": [
            "Text Structure and Purpose (57%)",
            "Inferences (54%)",
            "Central Ideas and Details (52%)"
          ],
          "Math": [
            "Equivalent expressions (70%)",
            "Ratios, rates, proportional relationships, and units (67%)",
            "Nonlinear functions (66%)"
          ]
        }
      },
      {
        "title": "Focus Areas for Growth",
        "description": {
          "Reading & Writing": [
            "Cross-text Connections (34%)",
            "Form, Structure, and Sense (19%)",
            "Command of Evidence - Quantitative (17%)"
          ],
          "Math": [
            "Lines, angles, and triangles (38%)",
            "Systems of two linear equations in two variables (37%)",
            "Percentages (12%)"
          ]
        }
      },
      {
        "title": "Study Plan",
        "description": "The start of any strong study plan begins with review. Before you move forward, take time to go back and focus on the 'Recommended Questions' highlighted in your score reports. These key questions from your SAT Practice Test, Domain Tests, and Endurance Test are where the deepest learning happens. Reviewing them is your first real step toward smarter progress."
      }
    ]
  },
  {
    "title": "Peak Phase",
    "description": [
      {
        "title": "Weekly Goals",
        "description": "Each week, steadily improve accuracy and reasoning in prioritized Reading & Writing and Math skills, aiming to reduce repeat mistakes and stabilize performance under timed conditions. Demonstrate increased confidence by maintaining consistent pacing and endurance through full-length practice tests. Track measurable progress in interpreting quantitative evidence, understanding text structures, and solving complex geometry and data problems. Strengthen mental control to minimize score variance and lock in effective test strategies."
      },
      {
        "title": "Skill Areas",
        "description": [
          {
            "title": "Reading & Writing",
            "description": "Command of Evidence - Quantitative, Text Structure and Purpose, Central Ideas and Details, Inferences, Cross-text Connections"
          },
          {
            "title": "Math",
            "description": "Area and volume, One-variable data: Distributions and measures of center and spread, Right triangles and trigonometry, Ratios, rates, proportional relationships, and units"
          }
        ]
      },
      {
        "title": "Practice Methods",
        "description": [
          {
            "title": "Reading & Writing",
            "description": {
              "Command of Evidence - Quantitative": "Practice timed sets of data interpretation questions using graphs and tables from recent SAT passages, underlining key numerical data and writing brief explanations linking the data directly to claims to reinforce evidence-based reasoning and speed.",
              "Text Structure and Purpose": "Analyze challenging passages by identifying signal words and mapping paragraph functions, then summarize the author\u2019s purpose and structure aloud or in writing to deepen understanding and improve rapid recognition under timed conditions.",
              "Central Ideas and Details": "After reading each passage, write concise summaries of central ideas and match supporting details to these ideas, focusing on distinguishing main points from minor facts to sharpen precision and comprehension.",
              "Inferences": "Work through medium-difficulty inference questions by annotating textual clues and explicitly stating the reasoning behind each inference, practicing elimination of unsupported answer choices to build accuracy and confidence.",
              "Cross-text Connections": "Compare paired passages by creating side-by-side charts that highlight agreements, contrasts, and complementary ideas, then answer synthesis questions to strengthen analytical skills and cross-textual reasoning."
            }
          },
          {
            "title": "Math",
            "description": {
              "Area and volume": "Solve complex problems involving composite shapes by drawing detailed diagrams, breaking figures into simpler parts, and calculating areas and volumes step-by-step, verifying units and formulas to refine accuracy and efficiency.",
              "One-variable data: Distributions and measures of center and spread": "Interpret box plots and histograms from practice sets, calculate mean, median, range, and IQR, then compare distributions to identify skewness and explain its impact on data interpretation to solidify core concepts.",
              "Right triangles and trigonometry": "Practice advanced right triangle problems by labeling sides relative to given angles, applying SOH-CAH-TOA ratios, and using inverse trig functions to find missing measures, ensuring precise calculator use and reasonableness checks.",
              "Ratios, rates, proportional relationships, and units": "Tackle multi-step ratio and unit conversion problems by setting up proportions carefully, performing dimensional analysis with clear unit tracking, and solving real-world word problems to enhance fluency and adaptability."
            }
          }
        ]
      },
      {
        "title": "Weekly Structure",
        "description": "Each weekday includes focused dual-skill practice sessions pairing one Math and one Reading & Writing skill, starting the week with weakest skills to prioritize improvement, midweek addressing moderate skills, and Fridays dedicated to comprehensive review of errors and strategy refinement. Saturdays feature two full-length, timed practice tests emphasizing accuracy and speed, followed by detailed mistake analysis to reinforce learning. Sundays serve as a Flex Day for rest and adaptive activities aligned with personal growth."
      },
      {
        "title": "Flex Day Activities",
        "description": "Engage in reflective journaling to evaluate recent progress and identify subtle strategy adjustments, experiment with new problem-solving techniques or digital tools to refresh approach, and complete mixed-skill challenge sets at a relaxed pace to maintain engagement without pressure. Incorporate mindfulness exercises or light physical activity to support mental recovery. Set clear, achievable goals for the upcoming week to sustain motivation and acknowledge incremental milestones both privately and with a mentor or peer."
      }
    ]
  },
  {
    "title": "Elevation Phase",
    "description": [
      {
        "title": "Weekly Goals",
        "description": "Each week, steadily improve accuracy in prioritized Reading & Writing skills\u2014Rhetorical Synthesis, Command of Evidence - Textual, and Transitions\u2014while reducing careless errors. In Math, focus on strengthening understanding and application of Linear functions, Lines, angles, and triangles, Linear equations and inequalities, and Equivalent expressions with consistent accuracy gains. Achieve measurable progress by refining reasoning under moderate time pressure, minimizing repeat mistakes, and demonstrating improved cognitive flexibility through strategic problem-solving and timely adaptation."
      },
      {
        "title": "Skill Areas",
        "description": [
          {
            "title": "Reading & Writing",
            "description": "Rhetorical Synthesis, Command of Evidence - Textual, Transitions"
          },
          {
            "title": "Math",
            "description": "Linear functions, Lines, angles, and triangles, Linear equations in one variable, Linear inequalities in one or two variables, Equivalent expressions"
          }
        ]
      },
      {
        "title": "Practice Methods",
        "description": [
          {
            "title": "Reading & Writing",
            "description": {
              "Rhetorical Synthesis": "Practice synthesizing arguments by analyzing paired passages under timed conditions, focusing on identifying how authors build and connect ideas; after each set, chart your accuracy and note patterns in errors to adjust approach and maintain motivation through visible progress.",
              "Command of Evidence - Textual": "Engage in targeted exercises that require selecting precise textual evidence supporting specific claims, using annotation strategies to highlight key phrases; review mistakes weekly with a peer or mentor to gain perspective and reinforce adaptive learning.",
              "Transitions": "Complete timed paragraph revision drills emphasizing correct transition usage to improve flow and coherence; track streaks of error-free exercises and reflect on which transition types cause hesitation to fine-tune your strategy."
            }
          },
          {
            "title": "Math",
            "description": {
              "Linear functions": "Work through medium-difficulty word problems translating real-world scenarios into linear equations, explicitly defining variables and interpreting slope and intercept in context; graph solutions to visualize relationships and prevent careless misinterpretations.",
              "Lines, angles, and triangles": "Solve medium-level geometry problems involving congruence, similarity, and angle relationships by drawing detailed diagrams and labeling all known elements; regularly summarize angle pair properties to reinforce memory and reduce oversight.",
              "Linear equations in one variable": "Tackle challenging linear equations and inequalities requiring multi-step isolation of variables, carefully writing each step and verifying solutions by substitution; incorporate complex word problems to deepen application skills.",
              "Linear inequalities in one or two variables": "Practice medium-difficulty inequality word problems by accurately translating verbal descriptions into inequalities, graphing solution sets on number lines, and double-checking inequality direction especially after multiplying or dividing by negatives.",
              "Equivalent expressions": "Engage with advanced problems involving isolating variables in formulas and multi-step equations, methodically performing inverse operations and verifying results through substitution; focus on clarity in each manipulation step to avoid common algebraic errors."
            }
          }
        ]
      },
      {
        "title": "Weekly Structure",
        "description": "Each weekday balances focused dual-skill practice, pairing one Math and one Reading & Writing skill, beginning the week with the weakest skills to maximize early gains and confidence. Midweek sessions target moderate skills to build depth, while Fridays emphasize review and reflection on progress and errors. Saturdays are reserved for one full-length timed practice test followed by a thorough review of answers to identify patterns and refine strategies. Sundays serve as a Flex Day to rest, reflect, and adapt the plan as needed."
      },
      {
        "title": "Flex Day Activities",
        "description": "Use Flex Days to reflect on weekly progress by reviewing errors and celebrating small wins both privately and with a mentor or peer to reinforce motivation. Experiment with new study tools or alternate problem-solving techniques to break habitual patterns and enhance adaptability. Engage in mixed-skill challenges at a relaxed pace to maintain cognitive flexibility without pressure. Incorporate mindfulness or light physical activity to recharge focus and reduce emotional fatigue. Set clear, achievable goals for the upcoming week to maintain purposeful momentum."
      }
    ]
  },
  {
    "title": "Foundation Phase",
    "description": [
      {
        "title": "Weekly Goals",
        "description": "Each week, steadily improve accuracy and reasoning in both Math and Reading & Writing by focusing on core foundational skills. Achieve measurable reductions in repeat errors through consistent practice and reflection. Build confidence by tracking progress visually and celebrating incremental milestones. Strengthen understanding of nonlinear functions and systems of equations in Math while deepening comprehension of form, structure, and vocabulary in Reading & Writing. Maintain steady growth by identifying and addressing skill gaps with precision."
      },
      {
        "title": "Skill Areas",
        "description": [
          {
            "title": "Reading & Writing",
            "description": "Form, Structure, and Sense, Words in Context, Boundaries"
          },
          {
            "title": "Math",
            "description": "Nonlinear functions, Systems of two linear equations in two variables, Linear equations in two variables, Nonlinear equations in one variable and systems of equations in two variables, Percentages"
          }
        ]
      },
      {
        "title": "Practice Methods",
        "description": [
          {
            "title": "Reading & Writing",
            "description": {
              "Form, Structure, and Sense": "Practice by selecting short passages to first identify the passage type and then outline its structure paragraph by paragraph, noting transitions and shifts in tone. After outlining, answer targeted questions on how the structure supports the author\u2019s purpose, reinforcing understanding through paraphrasing key sections. Use this method weekly to build clarity on how form and structure shape meaning, while tracking improvements with a visual progress chart to maintain motivation.",
              "Words in Context": "Engage in active reading exercises where you annotate passages by underlining unfamiliar words and writing inferred meanings based on surrounding context. Follow this by synonym replacement drills where you rewrite sentences substituting key words with context-appropriate synonyms, ensuring the meaning remains intact. Reflect weekly on errors to adjust strategies, pairing this with vocabulary logs to visualize growth and sustain intrinsic motivation.",
              "Boundaries": "Work through sentence correction drills focusing on identifying and fixing run-ons, comma splices, and fragments. Begin by marking sentence boundaries in sample paragraphs, then rewrite sentences to correct punctuation and conjunction use. Incorporate weekly timed exercises to build fluency and accuracy, while maintaining a reflection journal to note common mistakes and improvements, reinforcing adaptability and persistence."
            }
          },
          {
            "title": "Math",
            "description": {
              "Nonlinear functions": "Tackle challenging nonlinear function problems by first sketching graphs to visualize behavior, then solving equations through factoring or quadratic formula. Focus on interpreting key features like turning points and intercepts. Use mixed problem sets that combine graph interpretation with algebraic solutions, tracking accuracy and reflecting on errors weekly to fine-tune approaches and deepen conceptual mastery.",
              "Systems of two linear equations in two variables": "Practice foundational problems using substitution and elimination methods on simple systems, carefully solving step-by-step and verifying solutions by substitution back into original equations. Include word problems to connect concepts to real-world contexts. Maintain a solution log to chart progress and identify recurring errors, encouraging strategic adjustments and steady confidence building.",
              "Linear equations in two variables": "Engage with basic systems of linear equations by alternating between substitution and elimination techniques, emphasizing clear, stepwise solutions and verification. Incorporate graphing exercises to visualize solutions and types of systems. Use weekly summaries to reflect on problem-solving efficiency and accuracy, fostering adaptability and reinforcing persistence.",
              "Nonlinear equations in one variable and systems of equations in two variables": "Work on medium-difficulty problems involving one linear and one quadratic equation by practicing substitution to reduce systems to single quadratic equations. Solve using factoring or quadratic formula, then verify solutions in both original equations. Supplement with graph sketches to anticipate solution counts. Track solution accuracy and reflect on common pitfalls to refine methods progressively.",
              "Percentages": "Focus on foundational percentage problems by converting between fractions, decimals, and percentages, then solving word problems involving percentage increase, decrease, and part-whole relationships. Set up equations clearly before solving and verify answers logically. Use mixed problem sets weekly, charting accuracy and speed to build fluency and confidence steadily."
            }
          }
        ]
      },
      {
        "title": "Weekly Structure",
        "description": "Each weekday includes focused dual-skill practice pairing one Math skill with one Reading & Writing skill, starting the week with the weakest skills to prioritize foundational gaps. Midweek sessions target moderate skills to build momentum, while Fridays are reserved for comprehensive review and error analysis to consolidate learning. Saturdays alternate between full-length practice tests with detailed review and targeted conceptual reinforcement sessions to deepen understanding. Sundays serve as a Flex Day for rest, reflection, and adaptive activities aligned with personal growth."
      },
      {
        "title": "Flex Day Activities",
        "description": "Use Flex Days to reflect on weekly progress by reviewing errors and identifying patterns, then experiment with new study tools or techniques such as digital flashcards or timed drills to refresh engagement. Engage in mixed-skill challenges that combine Math and Reading & Writing in low-pressure formats to maintain cognitive flexibility. Incorporate mindfulness or light physical activity to recharge focus and reduce emotional fatigue. Set clear, achievable goals for the upcoming week, celebrating small wins to sustain motivation and reinforce adaptability."
      }
    ]
  }
]